{"cameraMode":{"drawMode":0,"name":"Shaded","section":"Shading Mode"},"sceneLighting":false,"audioPlay":false,"sceneViewState":{"m_AlwaysRefresh":false,"showFog":true,"showSkybox":true,"showFlares":true,"showImageEffects":true,"showParticleSystems":true,"showVisualEffectGraphs":true,"m_FxEnabled":true},"in2DMode":false,"pivot":{"x":7.89021110534668,"y":1.7752370834350587,"z":2.1897544860839845},"rotation":{"x":0.21753938496112824,"y":-0.012872477993369103,"z":0.002874455414712429,"w":0.9759721755981445},"size":25.838830947875978,"orthographic":true}