{"cameraMode":{"drawMode":0,"name":"Shaded","section":"Shading Mode"},"sceneLighting":true,"audioPlay":false,"sceneViewState":{"m_AlwaysRefresh":false,"showFog":true,"showSkybox":true,"showFlares":true,"showImageEffects":true,"showParticleSystems":true,"showVisualEffectGraphs":true,"m_FxEnabled":true},"in2DMode":false,"pivot":{"x":12.641393661499024,"y":1.7930057048797608,"z":-1.0282777547836304},"rotation":{"x":0.1983189731836319,"y":0.11292277276515961,"z":-0.02300827018916607,"w":0.9733391404151917},"size":8.729899406433106,"orthographic":true}